region,validation_pct,task_iteration_pct,learning_pct,sw_prompt_length,sw_completion_length,sw_cost_index,level0_sw_pct,total_sw_requests,level0_sw_requests,collaboration_score,efficiency_score,complexity_score,maturity_score,maturity_rank,collaboration_raw,efficiency_raw,complexity_raw
North America,4.55722446265954,21.329157663607816,21.512426408195044,2.653,1.613,1.751,30.505228412016113,162382,49535,60.83425489659571,100.0,100.0,84.33370195863829,1,47.398808534462404,6.0169999999999995,30.505228412016113
Latin America,3.471576779120299,21.77397071014092,15.831847069758096,2.989,1.872,1.954,24.155313351498645,58719,14184,0.0,26.042632066728487,53.99104662625543,26.80494506384787,4,41.07739455901931,6.8149999999999995,24.155313351498645
Europe,5.273862320273438,22.192593429564138,24.002146832010396,2.831,1.754,1.854,21.59183673469388,144550,31211,100.0,60.88971269694158,35.41711689440742,66.3447892971513,2,51.468602581847975,6.439,21.59183673469388
Middle East & Africa,3.603897871413795,22.469922151450813,17.90380532418749,3.032,2.059,2.005,16.70375153655842,64267,10735,27.910429486746953,0.0,0.0,11.164171794698781,5,43.9776253470521,7.096,16.70375153655842
APAC,4.319760294414117,23.56340695003894,19.393067353949174,2.882,1.834,1.892,26.994981374978572,256643,69281,59.654662150584926,45.2270620945319,74.5661491975573,62.73373695816327,3,47.276234598402226,6.6080000000000005,26.994981374978572
