region,validation_pct,task_iteration_pct,learning_pct,sw_prompt_length,sw_completion_length,sw_cost_index,level0_sw_pct,total_sw_requests,level0_sw_requests,collaboration_score,efficiency_score,complexity_score,maturity_score,maturity_rank,collaboration_raw,efficiency_raw,complexity_raw
North America,4.55722446265954,21.329157663607816,21.512426408195044,2.6525138305810274,1.6127684385079608,1.7506266226341642,30.505228412016113,162382,49535,60.83425489659571,100.0,100.0,84.33370195863829,1,47.398808534462404,6.015908891723153,30.505228412016113
Latin America,3.471576779120299,21.77397071014092,15.831847069758096,2.988690811173672,1.8717279570620549,1.9542444998166943,24.155313351498645,58719,14184,0.0,26.113844628088884,53.99104662625543,26.81918757611995,4,41.07739455901931,6.814663268052421,24.155313351498645
Europe,5.273862320273438,22.192593429564138,24.002146832010396,2.831319816604587,1.7541857758913062,1.853758064113127,21.59183673469388,144550,31211,100.0,60.838955174748634,35.41711689440742,66.3346377927127,2,51.468602581847975,6.439263656609021,21.59183673469388
Middle East & Africa,3.603897871413795,22.469922151450813,17.90380532418749,3.0322922155160774,2.059377544145054,2.00530008632156,16.70375153655842,64267,10735,27.910429486746953,0.0,0.0,11.164171794698781,5,43.9776253470521,7.0969698459826915,16.70375153655842
APAC,4.319760294414117,23.56340695003894,19.393067353949174,2.8820966888626,1.8337506987917056,1.892328779712227,26.994981374978572,256643,69281,59.654662150584926,45.21425703983113,74.5661491975573,62.731175947223115,3,47.276234598402226,6.6081761673665325,26.994981374978572
