region,directive_pct,feedback_loop_pct,sw_prompt_length,sw_completion_length,sw_cost_index,level0_sw_pct,total_sw_requests,level0_sw_requests,collaboration_score,efficiency_score,complexity_score,maturity_score,maturity_rank,collaboration_raw,efficiency_raw,complexity_raw
North America,36.73685407608933,8.513904805227753,2.6525138305810274,1.6127684385079608,1.7506266226341642,30.505228412016113,162382,49535,0.0,100.0,100.0,75.0,1,45.25075888131708,6.015908891723153,30.505228412016113
Latin America,47.52694114396242,9.667411891783264,2.988690811173672,1.8717279570620549,1.9542444998166943,24.155313351498645,58719,14184,100.0,26.113844628088884,53.99104662625543,58.52398447014994,3,57.19435303574568,6.814663268052421,24.155313351498645
Europe,34.73517697240191,11.771983842264342,2.831319816604587,1.7541857758913062,1.853758064113127,21.59183673469388,144550,31211,10.519462710337514,60.838955174748634,35.41711689440742,35.54816291847524,4,46.50716081466625,6.439263656609021,21.59183673469388
Middle East & Africa,41.32778049975502,12.145462463933802,3.0322922155160774,2.059377544145054,2.00530008632156,16.70375153655842,64267,10735,68.84430244410899,0.0,0.0,17.211075611027248,5,53.473242963688826,7.0969698459826915,16.70375153655842
APAC,40.18902904216589,10.286310613217802,2.8820966888626,1.8337506987917056,1.892328779712227,26.994981374978572,256643,69281,43.743790240305295,45.21425703983113,74.5661491975573,59.52258641881275,2,50.47533965538369,6.6081761673665325,26.994981374978572
