region,validation_pct,task_iteration_pct,learning_pct,sw_prompt_length,sw_completion_length,sw_cost_index,level0_sw_pct,total_sw_requests,level0_sw_requests
North America,4.55722446265954,21.329157663607816,21.512426408195044,2.653,1.613,1.751,30.505228412016113,162382,49535
Latin America,3.471576779120299,21.77397071014092,15.831847069758096,2.989,1.872,1.954,24.155313351498645,58719,14184
Europe,5.273862320273438,22.192593429564138,24.002146832010396,2.831,1.754,1.854,21.591836734693878,144550,31211
Middle East & Africa,3.603897871413795,22.469922151450813,17.90380532418749,3.032,2.059,2.005,16.70375153655842,64267,10735
APAC,4.319760294414117,23.56340695003894,19.393067353949174,2.882,1.834,1.892,26.994981374978572,256643,69281
